<i>
  <i image="walk1_0.png" delay="180" x="-36" y="-64"/>
  <i image="walk1_1.png" delay="180" x="-36" y="-64"/>
  <i image="walk1_2.png" delay="180" x="-36" y="-64"/>
  <i image="walk1_3.png" delay="180" x="-36" y="-64"/>
  <i image="stand1_0.png" delay="500" x="-38" y="-64"/>
  <i image="stand1_1.png" delay="500" x="-38" y="-64"/>
  <i image="stand1_2.png" delay="500" x="-38" y="-64"/>
  <i image="stand1_3.png" delay="500" x="-38" y="-64"/>
  <i image="stand1_4.png" delay="500" x="-38" y="-64"/>
  <i image="alert_0.png" delay="500" x="-40" y="-63"/>
  <i image="alert_1.png" delay="500" x="-40" y="-63"/>
  <i image="alert_2.png" delay="500" x="-40" y="-63"/>
  <i image="alert_3.png" delay="500" x="-40" y="-63"/>
  <i image="alert_4.png" delay="500" x="-40" y="-63"/>
  <i image="swingO1_0.png" delay="300" x="-33" y="-63"/>
  <i image="swingO1_1.png" delay="150" x="-33" y="-63"/>
  <i image="swingO1_2.png" delay="350" x="-33" y="-63"/>
  <i image="swingO2_0.png" delay="300" x="-33" y="-64"/>
  <i image="swingO2_1.png" delay="150" x="-33" y="-64"/>
  <i image="swingO2_2.png" delay="350" x="-33" y="-64"/>
  <i image="swingO3_0.png" delay="300" x="-25" y="-60"/>
  <i image="swingO3_1.png" delay="150" x="-25" y="-60"/>
  <i image="swingO3_2.png" delay="350" x="-25" y="-60"/>
  <i image="swingOF_0.png" delay="200" x="-33" y="-74"/>
  <i image="swingOF_1.png" delay="100" x="-33" y="-74"/>
  <i image="swingOF_2.png" delay="100" x="-33" y="-74"/>
  <i image="swingOF_3.png" delay="300" x="-33" y="-74"/>
  <i image="stabO1_0.png" delay="350" x="-30" y="-61"/>
  <i image="stabO1_1.png" delay="450" x="-30" y="-61"/>
  <i image="stabO2_0.png" delay="350" x="-31" y="-64"/>
  <i image="stabO2_1.png" delay="450" x="-31" y="-64"/>
  <i image="stabOF_0.png" delay="250" x="-34" y="-62"/>
  <i image="stabOF_1.png" delay="150" x="-34" y="-62"/>
  <i image="stabOF_2.png" delay="300" x="-34" y="-62"/>
  <i image="proneStab_0.png" delay="300" x="-26" y="-40"/>
  <i image="proneStab_1.png" delay="400" x="-26" y="-40"/>
  <i image="prone_0.png" delay="100" x="-26" y="-40"/>
  <i image="heal_0.png" delay="300" x="-38" y="-64"/>
  <i image="heal_1.png" delay="150" x="-38" y="-64"/>
  <i image="heal_2.png" delay="350" x="-38" y="-64"/>
  <i image="fly_0.png" delay="300" x="-36" y="-69"/>
  <i image="fly_1.png" delay="300" x="-36" y="-69"/>
  <i image="jump_0.png" delay="200" x="-39" y="-62"/>
  <i image="sit_0.png" delay="100" x="-36" y="-60"/>
  <i image="ladder_0.png" delay="250" x="-37" y="-62"/>
  <i image="ladder_1.png" delay="250" x="-37" y="-62"/>
  <i image="rope_0.png" delay="250" x="-36" y="-65"/>
  <i image="rope_1.png" delay="250" x="-36" y="-65"/>
</i>